{
    "accuracy": 0.914586166699048,
    "f1_score": 0.45498217883155123,
    "roc_auc": 0.8437242299031542,
    "r2_score": 0.14560388317439865,
    "rmse": 0.2922564512563444,
    "confusion_matrix": [
        [
            36191,
            346
        ],
        [
            3171,
            1468
        ]
    ]
}